MeanDecreaseAccuracy,Gene
14.8482722,HPD
13.90495784,MSC
9.444528923,NCEH1
7.123945118,ANGPT2
6.552804714,CCR1
6.305111605,PGF
5.938592571,MMP9
5.389656373,NGFR
4.571187519,IL2RG
3.39411823,TIMP1
3.378573146,FGF1
2.402471874,CD14
1.862607077,ALDH1A3
1.698914749,HMOX1
1.202471144,FHL2
-0.972029389,ABCC2
